appName,lines,deadline,describe,dailyRate,advantage
瑞丰钱庄,2000-100000,15天内,无前期，不查征信，额度高！,0.02%,新鲜口子，下款快
妥妥花,500-3000,15天内,年满18周岁的用户即可申请贷款,0.03%,无抵押无担保
爱钱柜,1000-3000,1个月内,不查征信，不上征信,0.03%,无前期
钱宝宝,1000-10000,15天内,免征信,0.03%,无抵押
小米时代,1000-3000,15天内,申请简单，成功率高,0.05%,无抵押无担保
三点钱包,500-3000,1个月内,芝麻信用授权即可贷款,0.03%,资料简单
花掌柜,1000-6000,15天内,不查征信,0.03%,门槛低
毛毛虫,500-5000,15天内,资料简单,0.03%,门槛低
娱乐贷,1000-1500,15天内,随借随还,0.06%,无需抵押担保
花无忧,500-5000,1个月内,凭手机号、身份证即可申请借款,0.03%,下款速度
么么贷,1000-10000,15天内,有iphone就可以来领钱,0.03%,无前期
51应急贷,1000-3000,15天内,无前期，不查征信,0.03%,申请门槛低，下款快
小蜜蜂,1000-10000,1个月内,资料简单,0.05%,门槛低
无限花,500-5000,15天内,不查不上征信,0.03%,超高通过率
大鹏钱包,500-10000,6-12个月,"无抵押,无担保,无面签",0.03%,门槛低
多米钱站,1500-5000,1个月内,不查征信上征信,0.03%,无抵押无担保
好钱包,500-10000,,凭身份证就能借到钱,0.05%,无前期，无需抵押
白领贷,1000-60000,1年以上,不查不上征信,0.03%,门槛低，无抵押
花乐贷,500-5000,15天内,不需要芝麻分,0.05%,无抵押无担保
钒卡,500-50000,6-12个月,额度可循环使用,0.03%,可分期还款
绿豆商城,500-1500,15天内,没有抵押和担保,0.03%,下款快
哈呀贷,500-3000,15天内,通过率高,0.05%,无抵押
K贷,1000-30000,6-12个月,凭身份证即可借,0.03%,无抵押、无担保
购你花,500-5000,15天内,不查不上征信,0.03%,资料简单
容易借钱,1000-3000,15天内,身份证即可急速申请救急钱,0.03%,无抵押、无担保
轻量子,500-1500,1个月内,不查不上征信,0.06%,无抵押无担保
先花呗,500-5000,15天内,无抵押,0.02%,下款快
海尔够花,1000-20000,,资料简单,0.04%,下款快
易秒借,500-1000,15天内,随借随还,0.03%,0抵押0担保
贝贷,1000-10000,1年以上,有身份证就能借,0.03%,无抵押
易捷速贷,1000-10000,1个月内,通过率高,0.03%,黑白户都能下款
现金速递,1000-20000,1-3个月,不查征信,0.05%,无抵押无担保
人人信用,500-5000,15天内,无前期,0.05%,手续简单、无需抵押
招财蛙,1000-30000,15天内,额度高,0.07%,门槛低
即速回收,1000-3000,15天内,不查不上征信,0.03%,下款快
小马易贷,500-5000,15天内,随借随还,0.02%,无需任何抵押
万贯街,1000-1500,15天内,无前期,0.07%,无抵押无担保
钱易多,500-50000,15天内,提供身份证，即可借钱,0.16%,低门槛，无担保
借点儿,1000-10000,15天内,息费低、门槛低,0.10%,无征信
有零花,1000-2000,15天内,只需身份证就可以贷款,0.03%,无需抵押
猪宝钱包,300-1000,15天内,无视黑白,0.10%,门槛低，无抵押
嘻哈贷,500-3000,15天内,通过率高,0.01%,费率低
鱿鱼钱包,500-3000,15天内,有身份证凭信用即可借款,0.02%,0抵押0担保
旺旺花,1000-10000,6-12个月,提交身份证即可轻松借款,0.03%,无抵押无担保
麦子借款,3000-50000,1年以上,凭芝麻分即可借,0.01%,无需抵押
蛋花花,500-5000,1个月内,无需任何抵押担保,0.03%,门槛超低
海马钱包,800-3000,15天内,无门槛、无担保,0.05%,下款快
诺秒贷,5000-50000,6-12个月,无前期,0.03%,不查不上征信
能森钱包,800-3000,15天内,身份证就能申请借款,0.03%,0抵押0担保0面签
宝贝白卡,1000-30000,1个月内,支持白户申请,0.02%,不查不上征信
七星魔卡,1000-10000,6-12个月,多种贷款产品，满足你的借贷需求,0.03%,门槛低，还款灵活
功夫借,500-1000,15天内,低利息，让您用钱无忧,0.02%,无需抵押，无需担保
帮你富,500-1000,15天内,随借随还,0.03%,无担保、无抵押
乐先花,500-5000,1个月内,3分钟申请，1小时到账,0.03%,不查不上征信
快金,500-3000,1个月内,1分钟极速审核，3分钟极速放款,0.03%,自动放款，一键还款
来借钱,1000-30000,6-12个月,无抵押，零担保,0.02%,下款快
易美付,1000-150000,1年以上,高额度,0.05%,低门槛
闪电白卡,500-4500,15天内,0抵押0担保,0.03%,不查不上征信
小贷鱼,1000-8000,15天内,一张身份证就可以借贷,0.02%,门槛低，无前期
点币达,800-5000,1个月内,无抵押、无担保,0.01%,门槛低，通过率高
闪电卡,1000-30000,1个月内,不需要芝麻分,0.02%,不查不上征信
人人快借,1000-1500,15天内,申请简单，无需抵押,0.10%,资料简单
丁三网络,500-5000,15天内,通过率高,0.07%,无需任何抵押
奇速贷,900-5000,1个月内,刷脸便可借款,0.70%,下款快
机猫,1000-6000,15天内,新口子， 通过率高， 大放水,0.03%,放款快
全民白卡,1000-3000,1个月内,马上提交，马上拿钱，随借随还,0.02%,下款速度
365现金卡,1000-5000,15天内,无需信用卡，不查征信,0.01%,全新口子，速度上人，放水中
力天贷,1000-30000,15天内,芝麻信用580以上即可领钱,0.03%,不查征信
小花创富,1000-5000,15天内,无前期，不查征信,0.02%,无前期
小鱼快贷,1000-10000,15天内,芝麻信用600以上，额度高！,0.03%,秒下款
零花口袋,1000-5000,15天内,无前期，不查征信,0.04%,下款速度
汇米闪贷,3000-30000,1个月内,不查征信,0.05%,下款快
极速回购,1000-3000,15天内,不上征信不查征信,0.03%,下款速度
易顺宝,1000-5000,15天内,无前期，不查征信,0.04%,下款快
瑞金钱包,1000-5000,15天内,审核快，下款速度,0.02%,新鲜口子，下款快
玖印钱包,500-5000,15天内,不需信用卡,0.03%,不查征信
蓝月钱包,500-5000,15天内,超低利率,0.04%,无抵押无担保
闲鱼乐贷,500-3000,15天内,不需信用卡,0.03%,不查征信
王者白卡,500-2500,15天内,资料简单,0.03%,无需抵押
萤火贷,1000-5000,1个月内,1分钟申请，10分钟放款,0.03%,免抵押担保
魔术口贷,500-5000,15天内,1分钟申请，10分钟放款 ,0.06%,"门槛低,有身份证就能借"
金立花,1000-5000,15天内,无前期，不查征信,0.04%,下款速度
泰升金所,500-20000,15天内,3分钟申请，10分钟审核！,0.03%,不需要信用卡
加分贷,500-5000,1个月内,2分钟审核，3分钟下款,0.05%,无前期，资料简单
猫猫钱包,1000-10000,15天内,随借随还，可续借,0.02%,无需担保抵押
东方速贷,2000-10000,1个月内,无前期，不查征信,0.02%,下款速度
滴滴花,500-3000,15天内,秒下款，通过率高,0.03%,申请门槛低
秒借钱,1500-50000,15天内,新口子，急用钱借款平台,0.50%,下款速度
路路顺,1000-5000,15天内,无前期，不查征信,0.04%,门槛低，资料简单
小钞花花,500-3000,15天内,花呗1000以上额度，芝麻分600以上即可借款,0.05%,下款速度
金马小袋,1000-5000,15天内,无前期，不查征信,0.04%,下款快
随心借,1000-10000,15天内,无需抵押物，无需信用卡,0.02%,不查征信，不上征信
暖薪贷,1000-3000,15天内,资料简单,0.05%,门槛低
蚂蚁人品,500-10000,15天内,申请简单，成功率高,0.03%,无抵押无担保
招财钱包,1000-10000,1个月内,黑白户都能下款，通过率高,0.03%,门槛低，手续简便
旺福,1000-50000,1个月内,新口子，不查征信,0.03%,下款速度
11闪购,1000-10000,15天内,资质需身份证,0.01%,无需抵押
易金宝,1000-10000,15天内,无担保,0.05%,门槛极低
壹周宝,1000-10000,15天内,无抵押无担保,0.05%,秒下款
机密白卡,1000-10000,15天内,无前期,0.03%,无需抵押
借点儿,1000-10000,15天内,息费低、门槛低,0.10%,无征信
随心借,1000-10000,15天内,无需抵押物，无需信用卡,0.02%,不查征信，不上征信
猫猫钱包,1000-10000,15天内,随借随还，可续借,0.02%,无需担保抵押
八达秒借,1000-10000,15天内,随借随还,0.02%,无征信
小米钱包,1000-10000,15天内,现金贷，不查征信,0.05%,门槛低，下款快
马上贷,1000-8000,6-12个月,0担保0抵押,0.03%,门槛低
萝卜商城,1000-8000,1个月内,凭借手机号、身份证即可贷款,0.03%,随借随还
让你拿,1000-8000,15天内,随借随还,0.03%,不查征信，不上征信
帮帮回租,1000-8000,15天内,资料简单,0.05%,下款快
乐客宝,1000-8000,15天内,无担保,0.03%,门槛低
七星钱柜,1000-8000,15天内,无前期，不查征信,0.02%,新鲜口子，下款快
海螺商城,1000-8000,1-3个月,凭借身份证就可以借款,0.03%,不查征信，不上征信
备用金,1000-10000,1个月内,无需担保、抵押,0.05%,资料简单
玉猫,1000-10000,1个月内,资料简单,0.03%,门槛低
分期还,1000-10000,1个月内,凭芝麻分轻松申请,0.03%,无抵押无担保
易捷速贷,1000-10000,1个月内,通过率高,0.03%,黑白户都能下款
招财钱包,1000-10000,1个月内,黑白户都能下款，通过率高,0.03%,门槛低，手续简便
嗨贷款,1000-10000,1个月内,不需信用卡,0.03%,无抵押无担保
富临门,1000-10000,15天内,不查不上征信,0.03%,无需任何抵押担保
盛隆钱包,1000-10000,15天内,可续期,0.05%,门槛低
可可钱袋,1000-10000,15天内,有身份证就能借,0.05%,无抵押无担保
猫花花,1000-10000,15天内,绑定手机，身份证就能借钱,0.03%,不上征信不查征信
天瑞钱包,1000-10000,15天内,有身份证即可借款,0.03%,无门槛，无担保
萌新钱包,1000-10000,15天内,额度高,0.05%,不查不上征信  
美期贷,1000-10000,15天内,仅需身份证、手机号不查征信直接申请,0.05%,不查不上征信
星月宝,1000-10000,15天内,芝麻信用授权即可贷款,0.03%,门槛低
星火回租,1000-10000,15天内,资料简单,0.98%,下款快
现金大人,1000-10000,15天内,无申请门槛,0.03%,无任何抵押
钱秒借,3000-10000,1个月内,凭身份证就能借钱,0.03%,无需抵押
广源钱包,2000-10000,15天内,可续期,0.03%,不查不上征信
嗨秒贷,2000-8000,,无担保无抵押,0.03%,不查不上征信
河马钱贷,1500-10000,6-12个月,不查不上征信,0.03%,门槛低
多多钱柜,1500-10000,1个月内,不查征信,0.02%,下款快
天元宝,1500-10000,15天内,纯线上贷款，无任何抵押即可借钱,0.05%,门槛低
旺福,1000-50000,1个月内,新口子，不查征信,0.03%,下款速度
善丰速贷,1000-20000,1个月内,芝麻信用分580，稳下款,0.03%,新鲜口子，下款快
四季贷款王,1000-20000,1个月内,无前期，不查征信,0.03%,新鲜口子，下款快
唯网贷,1000-10000,6-12个月,无征信,0.02%,门槛低
旺旺花,1000-10000,6-12个月,提交身份证即可轻松借款,0.03%,无抵押无担保
七星魔卡,1000-10000,6-12个月,多种贷款产品，满足你的借贷需求,0.03%,门槛低，还款灵活
秒贷王,1000-10000,1个月内,无视黑白,0.06%,无需担保抵押
嗨钱包,1000-10000,1个月内,资料简单,0.03%,门槛低
现金口袋,1000-10000,1个月内,资料简单,0.03%,门槛低
来分期,1000-10000,1个月内,通过率高,0.04%,下款快
贷去浪,1000-5000,15天内,不上征信,0.03%,门槛低
奇灵钱包,500-3500,15天内,花呗和基本信息申请即可,0.03%,不查不上征信
永利钱庄,2000-50000,1个月内,无前期，不查征信,0.03%,下款快
闪电花花,800-8000,15天内,不查不上征信,0.05%,无需抵押
八秒贷,1000-6000,15天内,芝麻信用授权即可贷款,0.03%,随借随还
金鸡时代,1000-5000,15天内,审核门槛低,0.02%,资料简单
金缘宝,500-5000,1个月内,随贷随还，灵活分期,0.03%,无抵押
闪电虎,500-5000,15天内,不查不上征信,0.03%,无抵押无担保
米米借,500-3000,15天内,资料简单,0.03%,下款快
金多多,1000-5000,15天内,资料简单,0.03%,门槛低
极速信用,800-5000,1个月内,门槛低,0.04%,下款快
呗呗,500-5000,15天内,90%通过率,0.01%,门槛低
聚宝闪贷,3000-50000,1-3个月,无前期，不查征信,0.02%,下款快
汇米闪贷,3000-30000,1个月内,不查征信,0.05%,下款快
我要现金,3000-10000,3-6个月,不查不上征信,0.03%,无前期
父母贷,3000-10000,3-6个月,无前期,0.03%,无抵押无担保
