名称,年利率,公司,
发薪贷 ,598.00%,上海中A金故信息振务有限公司,
极速现金b ,558.70%,上海利全倍息科技琚务有限公司,
现金卡 ,453.70%,上海浅植网络科技有限公司,
融笃-现金白卡 ,453.70%,上海勉笃资产苗理有限公司,
现金钱包 ,369.30%,上海借条宝金班佶息跟务有限公司,
江湖救急艰速贷 ,360.10%,上海誉用金教信息服务有限公司,
闪电贷 ,360.00%,上海借条宝金融倍息服务有限公司,
货款123 ,347.50%,深圳市国智金融服夯有限公司,
果果科技-快金 ,345.70%,星果科技有限公司,
月租宝-51短期贷 ,337.30%,北京月租宝科技有限公司,
闪电借款 ,308.60%,北京掌众金信息限务有限公司,
向钱贷 ,306.30%,明特保理有暖公司(深圳),
上海B聘秒白条 ,302.50%,上海B骋信息科技有限公司,
借财童子 ,297.00%,上海全旗金”断⒎务有限公司,
原子贷(月光足) ,288.00%,北京融世纪信息技术有限公司,
啪啪钱包 ,288.00%,杭州银格)匚金融信息服务有限公司,
布丁小贷 ,285.00%,抗州行健金服务外包有限公司,
水象金败-水象分期 ,263.40%,上海水象金败信息服务有限公司,
现金巴士 ,257.10%,微额速达(上海)金倍息垠务有限公司,
抓金手小飞贷 ,257.10%,北京抓金手商务顾问有隈公司,
大小货 ,257.196,上海蓝薪网络信息科技有限公司,
钱有路 ,257.196,上海拿米金信息垠务有限公司,
货上钱 ,254.30%,墨讯信息Q技(上海)有限公司,
截塔金融蓝领资 ,252.096,上海截塔金信息服务有限公司,
U族 ,216.00%,上海优走信息科技有限公司,
有贝 ,211.70%,有贝网络科技(杭州有限公司,
功夫贷 ,206.20%,杭州大树网络技术有限公司,
小钱 ,186.50%,上海亲倍互联网金倍息服务有限公司,
2345贷款王 ,164.20%,上海二三四五金科技有限公司,
b客贷 ,158.20%,北京就帮我投资咨询有限公司,
靠谱我来货 ,143.40%,北京就帮我投资咨询有限公司,
哇货极速货 ,142.096,杭州眭网络技术有限公司,
倍用钱包 ,131.20%,北京众倍利民倌息技术有限公司,
魔法现金 ,130.00%,上海亮昕网络科技有限公司,
虾球龄 ,126.096,深圳`信息科技有瑕公司,
手机贷 ,124.40%,上海界前网络科技有限公司,
简单借款 ,123.496,北京和创未来网络科技有限公司,
易搜 ,118.696,上海易搜商务咨询有限公司,
国美小贷-美借 ,118.60%,国突金控投资有限公司,
千百块 ,111.30%,上海仟才金倍息艰务有限公司,
,,,
,,,
,,,
,,,
,,,
,,,
,,,
,,,
,,,
,,,
,,,
,,,
,,,
,,,
,,,
,,,
,,,
,,,
,,,
,,,
,,,
,,,
,,,
,,,
,,,
,,,
,,,
,,,
,,,
,,,
,,,
,,,
,,,
,,,
,,,
,,,
,,,
,,,
,,,
,,,
,,,
,,,
,,,
,,,
,,,
,,,
,,,
,,,
,,,
,,,
,,,
,,,
,,,
,,,
,,,
,,,
,,,
,,,
,,,
,,,
,,,
,,,
,,,
,,,
,,,
,,,
,,,
,,,
,,,
,,,
,,,
,,,
,,,
,,,
,,,
,,,
,,,
,,,
,,,
,,,
,,,
,,,
,,,
,,,
,,,
,,,
,,,
,,,
,,,
,,,
,,,
,,,
,,,
,,,
,,,
,,,
,,,
,,,
,,,
,,,
,,,
,,,
,,,
,,,
,,,
,,,
,,,
,,,
,,,
,,,
,,,
,,,
,,,
,,,
,,,
,,,
,,,
,,,
,,,
,,,
,,,
,,,
,,,
,,,
,,,
,,,
,,,
,,,
,,,
,,,
,,,
,,,
,,,
,,,
,,,
,,,
,,,
,,,
,,,
,,,
,,,
,,,
,,,
,,,
,,,
,,,
,,,
,,,
,,,
,,,
,,,
,,,
,,,
,,,
,,,
,,,
,,,
,,,
,,,
,,,
,,,
,,,
,,,
,,,
,,,
,,,
,,,
,,,
,,,
,,,
,,,
,,,
,,,
,,,
,,,
,,,
,,,
,,,
,,,
,,,
,,,
,,,
,,,
,,,
,,,
,,,
,,,
,,,
,,,
,,,
,,,
,,,
,,,
,,,
,,,
,,,
,,,
,,,
,,,
,,,
,,,
,,,
,,,
,,,
,,,
,,,
,,,
,,,
,,,
,,,
,,,
,,,
,,,
,,,
,,,
,,,
,,,
,,,
,,,
,,,
,,,
,,,
,,,
,,,
,,,
,,,
,,,
,,,
,,,
,,,
,,,
,,,
,,,
,,,
,,,
,,,
,,,
,,,
,,,
,,,
,,,
,,,
,,,
,,,
,,,
,,,
,,,
,,,
,,,
,,,
,,,
,,,
,,,
,,,
,,,
,,,
,,,
,,,
,,,
,,,
,,,
,,,
,,,
,,,
,,,
,,,
,,,
,,,
,,,
,,,
,,,
,,,
,,,
,,,
,,,
,,,
,,,
,,,
,,,
,,,
,,,
,,,
,,,
,,,
,,,
,,,
,,,
,,,
,,,
,,,
,,,
,,,
,,,
,,,
,,,
,,,
,,,
,,,
,,,
